{
    "metrics": {
        "iterations": {
            "count": 11,
            "rate": 0.44928894102637446
        },
        "vus_max": {
            "min": 600,
            "max": 600,
            "value": 600
        },
        "http_req_connecting": {
            "p(95)": 0.2572,
            "avg": 0.20492307692307693,
            "min": 0,
            "med": 0.222,
            "max": 0.265,
            "p(90)": 0.2506
        },
        "http_reqs": {
            "count": 13,
            "rate": 0.5309778393948061
        },
        "checks": {
            "passes": 0,
            "fails": 11,
            "value": 0
        },
        "http_req_blocked": {
            "p(95)": 0.47099999999999975,
            "avg": 0.3080769230769231,
            "min": 0.001,
            "med": 0.312,
            "max": 0.576,
            "p(90)": 0.3884000000000001
        },
        "http_req_failed": {
            "passes": 13,
            "fails": 0,
            "value": 1
        },
        "data_sent": {
            "count": 1299,
            "rate": 53.0569394902964
        },
        "iteration_duration": {
            "min": 17.480675,
            "med": 22.959471,
            "max": 14459.481784,
            "p(90)": 26.8923677,
            "p(95)": 6521.715528899989,
            "avg": 1225.7359970833331
        },
        "http_req_waiting": {
            "min": 1.554,
            "med": 22.197,
            "max": 14456.45,
            "p(90)": 25.921200000000002,
            "p(95)": 5798.46799999998,
            "avg": 1130.785230769231
        },
        "http_req_duration": {
            "avg": 1130.8904615384615,
            "min": 1.675,
            "med": 22.304,
            "max": 14456.496,
            "p(90)": 26.038600000000002,
            "p(95)": 5798.557199999979
        },
        "http_req_sending": {
            "p(90)": 0.083,
            "p(95)": 0.08619999999999998,
            "avg": 0.06423076923076923,
            "min": 0.009,
            "med": 0.071,
            "max": 0.091
        },
        "http_req_receiving": {
            "max": 0.058,
            "p(90)": 0.053000000000000005,
            "p(95)": 0.0556,
            "avg": 0.040999999999999995,
            "min": 0.034,
            "med": 0.037
        },
        "http_req_tls_handshaking": {
            "avg": 0,
            "min": 0,
            "med": 0,
            "max": 0,
            "p(90)": 0,
            "p(95)": 0
        },
        "vus": {
            "value": 600,
            "min": 0,
            "max": 600
        },
        "Latency (Cube.js with Postgres)": {
            "p(90)": 23.801,
            "p(95)": 25.1995,
            "avg": 22.127727272727274,
            "min": 16.951,
            "med": 22.304,
            "max": 26.598
        },
        "data_received": {
            "count": 2002,
            "rate": 81.77058726680015
        }
    },
    "root_group": {
        "name": "",
        "path": "",
        "id": "d41d8cd98f00b204e9800998ecf8427e",
        "groups": {
            "setup": {
                "checks": {},
                "name": "setup",
                "path": "::setup",
                "id": "5c0f8025f7e0b6654089e5b00e950f1a",
                "groups": {}
            }
        },
        "checks": {
            "is status 200": {
                "passes": 0,
                "fails": 11,
                "name": "is status 200",
                "path": "::is status 200",
                "id": "548d37ca5f33793206f7832e7cea54fb"
            }
        }
    }
}