{
    "metrics": {
        "http_req_duration{expected_response:true}": {
            "med": 2615.963,
            "max": 11525.301,
            "p(90)": 7998.875,
            "p(95)": 9762.088,
            "avg": 4219.043363636363,
            "min": 490.756
        },
        "data_received": {
            "rate": 71.27333376474958,
            "count": 1749
        },
        "data_sent": {
            "count": 1189,
            "rate": 48.45282667026144
        },
        "http_req_duration": {
            "avg": 3867.974333333333,
            "min": 6.215,
            "med": 2338.7585,
            "max": 11525.301,
            "p(90)": 7988.8962,
            "p(95)": 9585.766699999996
        },
        "vus_max": {
            "value": 600,
            "min": 600,
            "max": 600
        },
        "http_req_sending": {
            "avg": 0.08483333333333336,
            "min": 0.018,
            "med": 0.0625,
            "max": 0.417,
            "p(90)": 0.08070000000000001,
            "p(95)": 0.23219999999999974
        },
        "http_req_connecting": {
            "p(95)": 0.28745,
            "avg": 0.2008333333333333,
            "min": 0,
            "med": 0.22949999999999998,
            "max": 0.31,
            "p(90)": 0.26890000000000003
        },
        "Latency (Cube.js basic)": {
            "p(95)": 7953.9704,
            "avg": 3488.4175999999998,
            "min": 490.756,
            "med": 2338.7585,
            "max": 7998.875,
            "p(90)": 7909.0658
        },
        "http_req_blocked": {
            "avg": 0.3221666666666667,
            "min": 0.003,
            "med": 0.3075,
            "max": 1.06,
            "p(90)": 0.3558,
            "p(95)": 0.6727999999999995
        },
        "http_req_receiving": {
            "avg": 0.054666666666666676,
            "min": 0.035,
            "med": 0.049,
            "max": 0.107,
            "p(90)": 0.08120000000000002,
            "p(95)": 0.09434999999999999
        },
        "http_req_waiting": {
            "min": 6.148,
            "med": 2338.647,
            "max": 11524.8,
            "p(90)": 7988.7873,
            "p(95)": 9585.481849999996,
            "avg": 3867.834833333333
        },
        "iteration_duration": {
            "min": 492.985062,
            "med": 2616.526632,
            "max": 11537.889669,
            "p(90)": 7999.677578,
            "p(95)": 9768.7836235,
            "avg": 4220.910415909091
        },
        "iterations": {
            "count": 10,
            "rate": 0.4075090552587169
        },
        "http_reqs": {
            "count": 12,
            "rate": 0.48901086631046026
        },
        "http_req_failed": {
            "fails": 11,
            "passes": 1,
            "value": 0.08333333333333333
        },
        "http_req_tls_handshaking": {
            "avg": 0,
            "min": 0,
            "med": 0,
            "max": 0,
            "p(90)": 0,
            "p(95)": 0
        },
        "checks": {
            "passes": 10,
            "fails": 0,
            "value": 1
        },
        "vus": {
            "value": 600,
            "min": 0,
            "max": 600
        }
    },
    "root_group": {
        "path": "",
        "id": "d41d8cd98f00b204e9800998ecf8427e",
        "groups": {
            "setup": {
                "groups": {},
                "checks": {},
                "name": "setup",
                "path": "::setup",
                "id": "5c0f8025f7e0b6654089e5b00e950f1a"
            }
        },
        "checks": {
            "is status 200": {
                "fails": 0,
                "name": "is status 200",
                "path": "::is status 200",
                "id": "548d37ca5f33793206f7832e7cea54fb",
                "passes": 10
            }
        },
        "name": ""
    }
}