{
    "root_group": {
        "groups": {
            "setup": {
                "name": "setup",
                "path": "::setup",
                "id": "5c0f8025f7e0b6654089e5b00e950f1a",
                "groups": {},
                "checks": {}
            }
        },
        "checks": {
            "is status 200": {
                "fails": 0,
                "name": "is status 200",
                "path": "::is status 200",
                "id": "548d37ca5f33793206f7832e7cea54fb",
                "passes": 10
            }
        },
        "name": "",
        "path": "",
        "id": "d41d8cd98f00b204e9800998ecf8427e"
    },
    "metrics": {
        "iterations": {
            "count": 10,
            "rate": 0.2652956259463261
        },
        "Latency (Cube.js basic)": {
            "p(90)": 1540.9021999999964,
            "p(95)": 6071.705599999988,
            "avg": 1485.2981,
            "min": 334.408,
            "med": 494.887,
            "max": 10602.509
        },
        "http_req_duration": {
            "med": 494.887,
            "max": 24086.049,
            "p(90)": 9595.663800000004,
            "p(95)": 16670.10199999999,
            "avg": 3245.0440833333337,
            "min": 1.499
        },
        "iteration_duration": {
            "p(90)": 10603.393575,
            "p(95)": 17346.225034,
            "avg": 3540.7609369999996,
            "min": 334.996351,
            "med": 495.676062,
            "max": 24089.056493
        },
        "data_received": {
            "count": 1749,
            "rate": 46.40020497801243
        },
        "http_req_blocked": {
            "avg": 0.315,
            "min": 0.002,
            "med": 0.3435,
            "max": 0.541,
            "p(90)": 0.3707,
            "p(95)": 0.4474999999999999
        },
        "http_req_tls_handshaking": {
            "max": 0,
            "p(90)": 0,
            "p(95)": 0,
            "avg": 0,
            "min": 0,
            "med": 0
        },
        "http_req_receiving": {
            "p(90)": 0.063,
            "p(95)": 0.07884999999999998,
            "avg": 0.05183333333333334,
            "min": 0.04,
            "med": 0.0465,
            "max": 0.097
        },
        "vus": {
            "value": 600,
            "min": 0,
            "max": 600
        },
        "checks": {
            "passes": 10,
            "fails": 0,
            "value": 1
        },
        "http_req_connecting": {
            "avg": 0.21741666666666667,
            "min": 0,
            "med": 0.257,
            "max": 0.287,
            "p(90)": 0.2776,
            "p(95)": 0.28205
        },
        "data_sent": {
            "count": 1165,
            "rate": 30.906940422746988
        },
        "http_reqs": {
            "count": 12,
            "rate": 0.3183547511355913
        },
        "http_req_sending": {
            "avg": 0.059666666666666666,
            "min": 0.013,
            "med": 0.065,
            "max": 0.08,
            "p(90)": 0.0759,
            "p(95)": 0.0778
        },
        "vus_max": {
            "value": 600,
            "min": 600,
            "max": 600
        },
        "http_req_duration{expected_response:true}": {
            "p(90)": 10602.509,
            "p(95)": 17344.279,
            "avg": 3539.911818181818,
            "min": 334.408,
            "med": 495.057,
            "max": 24086.049
        },
        "http_req_failed": {
            "passes": 1,
            "fails": 11,
            "value": 0.08333333333333333
        },
        "http_req_waiting": {
            "min": 1.439,
            "med": 494.7745,
            "max": 24085.884,
            "p(90)": 9595.542900000004,
            "p(95)": 16669.96119999999,
            "avg": 3244.9325833333332
        }
    }
}