{
    "metrics": {
        "http_req_failed": {
            "passes": 1,
            "fails": 12,
            "value": 0.07692307692307693
        },
        "http_req_waiting": {
            "max": 11378.592,
            "p(90)": 6945.437000000005,
            "p(95)": 9694.703999999996,
            "avg": 1809.4566153846156,
            "min": 5.156,
            "med": 400.316
        },
        "data_received": {
            "count": 1894,
            "rate": 63.21243315802508
        },
        "vus": {
            "min": 0,
            "max": 600,
            "value": 600
        },
        "iteration_duration": {
            "max": 11387.811606,
            "p(90)": 7759.872183200003,
            "p(95)": 9839.708492849997,
            "avg": 1961.368354,
            "min": 106.548966,
            "med": 407.600237
        },
        "Latency (Cube.js basic)": {
            "avg": 1103.669090909091,
            "min": 105.965,
            "med": 400.433,
            "max": 8572.244,
            "p(90)": 438.826,
            "p(95)": 4505.535
        },
        "http_req_blocked": {
            "avg": 0.3677692307692308,
            "min": 0.002,
            "med": 0.328,
            "max": 1.25,
            "p(90)": 0.353,
            "p(95)": 0.7117999999999987
        },
        "data_sent": {
            "count": 1223,
            "rate": 40.817743269411125
        },
        "http_reqs": {
            "count": 13,
            "rate": 0.4338762571564551
        },
        "http_req_receiving": {
            "avg": 0.04930769230769231,
            "min": 0.036,
            "med": 0.042,
            "max": 0.086,
            "p(90)": 0.07780000000000002,
            "p(95)": 0.0842
        },
        "http_req_duration{expected_response:true}": {
            "avg": 1959.9249999999995,
            "min": 105.965,
            "med": 407.014,
            "max": 11378.74,
            "p(90)": 7758.902200000003,
            "p(95)": 9835.167199999998
        },
        "iterations": {
            "rate": 0.3671260637477697,
            "count": 11
        },
        "http_req_tls_handshaking": {
            "min": 0,
            "med": 0,
            "max": 0,
            "p(90)": 0,
            "p(95)": 0,
            "avg": 0
        },
        "http_req_sending": {
            "avg": 0.06000000000000001,
            "min": 0.015,
            "med": 0.061,
            "max": 0.079,
            "p(90)": 0.0778,
            "p(95)": 0.0784
        },
        "checks": {
            "passes": 11,
            "fails": 0,
            "value": 1
        },
        "http_req_duration": {
            "p(95)": 9694.842399999996,
            "avg": 1809.565923076923,
            "min": 5.257,
            "med": 400.433,
            "max": 11378.74,
            "p(90)": 6945.560400000007
        },
        "http_req_connecting": {
            "min": 0,
            "med": 0.247,
            "max": 0.302,
            "p(90)": 0.26780000000000004,
            "p(95)": 0.28159999999999996,
            "avg": 0.22738461538461538
        },
        "vus_max": {
            "value": 600,
            "min": 600,
            "max": 600
        }
    },
    "root_group": {
        "groups": {
            "setup": {
                "path": "::setup",
                "id": "5c0f8025f7e0b6654089e5b00e950f1a",
                "groups": {},
                "checks": {},
                "name": "setup"
            }
        },
        "checks": {
            "is status 200": {
                "name": "is status 200",
                "path": "::is status 200",
                "id": "548d37ca5f33793206f7832e7cea54fb",
                "passes": 11,
                "fails": 0
            }
        },
        "name": "",
        "path": "",
        "id": "d41d8cd98f00b204e9800998ecf8427e"
    }
}